{
    "accuracy": 0.7416607523066004,
    "classification_report": {
        "0": {
            "precision": 0.9037304452466908,
            "recall": 0.7256038647342995,
            "f1-score": 0.804930332261522,
            "support": 1035.0
        },
        "1": {
            "precision": 0.5086505190311419,
            "recall": 0.786096256684492,
            "f1-score": 0.6176470588235294,
            "support": 374.0
        },
        "accuracy": 0.7416607523066004,
        "macro avg": {
            "precision": 0.7061904821389163,
            "recall": 0.7558500607093958,
            "f1-score": 0.7112886955425257,
            "support": 1409.0
        },
        "weighted avg": {
            "precision": 0.7988618204031028,
            "recall": 0.7416607523066004,
            "f1-score": 0.7552185194397979,
            "support": 1409.0
        }
    },
    "best_model_name": "Logistic Regression"
}